receipt_number,datetime
1,2022-07-02 16:46:00
2,2022-07-05 19:41:00
3,2022-07-08 16:03:00
4,2022-07-13 18:44:00
5,2022-07-17 22:13:00
6,2022-07-20 22:18:00
7,2022-07-23 22:37:00
8,2022-07-26 19:19:00
9,2022-07-29 15:46:00
10,2022-08-02 22:39:00
11,2022-08-05 22:38:00
12,2022-08-09 20:33:00
13,2022-08-13 16:26:00
14,2022-08-14 12:19:00
15,2022-08-17 21:56:00
16,2022-08-19 17:16:00
17,2022-08-24 23:10:00
18,2022-08-31 21:15:00
19,2022-09-04 22:32:00
20,2022-09-07 17:35:00
21,2022-09-09 15:31:00
22,2022-09-14 19:50:00
23,2022-09-15 18:42:00
24,2022-09-19 23:22:00
25,2022-09-22 21:07:00
26,2022-09-27 15:11:00
27,2022-09-30 13:33:00
28,2022-10-04 14:10:00
29,2022-10-05 20:58:00
30,2022-10-09 16:38:00
31,2022-10-13 11:25:00
32,2022-10-16 21:45:00
33,2022-10-20 18:42:00
34,2022-10-27 13:21:00
35,2022-10-30 23:05:00
36,2022-11-01 23:06:00
37,2022-11-09 20:09:00
38,2022-11-11 18:40:00
39,2022-11-16 20:21:00
40,2022-11-18 17:11:00
41,2022-11-21 13:48:00
42,2022-11-23 16:23:00
43,2022-11-26 16:49:00
44,2022-11-29 19:29:00
45,2022-12-05 13:44:00
46,2022-12-09 11:36:00
47,2022-12-15 19:47:00
48,2022-12-19 23:08:00
49,2022-12-20 20:46:00
50,2022-12-22 16:17:00
51,2022-12-26 20:54:00
52,2022-12-29 18:29:00
53,2023-01-13 15:52:00
54,2023-01-16 17:38:00
55,2023-01-19 15:37:00
56,2023-01-23 19:38:00
57,2023-01-27 23:32:00
58,2023-01-31 22:22:00
59,2023-02-04 13:09:00
60,2023-02-08 22:36:00
61,2023-02-14 13:54:00
62,2023-02-15 21:37:00
63,2023-02-21 21:33:00
64,2023-02-24 22:19:00
65,2023-02-25 20:07:00
66,2023-02-28 13:21:00
67,2023-03-09 17:31:00
68,2023-03-13 20:48:00
69,2023-03-17 13:29:00
70,2023-03-20 18:13:00
71,2023-03-21 20:15:00
72,2023-03-27 16:53:00
73,2023-03-31 18:32:00
74,2023-04-05 15:22:00
75,2023-04-09 16:56:00
76,2023-04-11 20:50:00
77,2023-04-13 20:31:00
78,2023-04-14 22:15:00
79,2023-04-17 22:35:00
80,2023-04-19 16:07:00
81,2023-04-20 20:55:00
82,2023-04-25 11:18:00
83,2023-04-27 16:03:00
84,2023-05-02 21:38:00
85,2023-05-05 16:51:00
86,2023-05-11 20:21:00
87,2023-05-16 17:45:00
88,2023-05-19 18:23:00
89,2023-05-25 22:26:00
90,2023-05-28 14:35:00
91,2023-05-30 20:08:00
92,2023-06-03 16:00:00
93,2023-06-07 21:57:00
94,2023-06-14 13:43:00
95,2023-06-14 21:03:00
96,2023-06-18 21:29:00
97,2023-06-19 19:26:00
98,2023-06-21 17:20:00
99,2023-07-03 14:57:00
100,2023-07-05 15:18:00
101,2023-07-08 20:31:00
102,2023-07-11 20:12:00
103,2023-07-15 18:22:00
104,2023-07-17 20:29:00
105,2023-07-25 14:38:00
106,2023-07-28 16:50:00
107,2023-08-01 19:36:00
108,2023-08-03 19:25:00
109,2023-08-05 16:45:00
110,2023-08-09 15:37:00
111,2023-08-14 15:52:00
112,2023-08-22 23:08:00
113,2023-08-27 22:30:00
114,2023-08-28 19:45:00
115,2023-08-31 19:46:00
116,2023-09-12 22:17:00
117,2023-09-13 16:52:00
118,2023-09-19 14:26:00
119,2023-09-20 22:19:00
120,2023-09-22 18:01:00
121,2023-09-25 20:18:00
122,2023-09-27 20:27:00
123,2023-09-29 14:47:00
124,2023-10-01 22:12:00
125,2023-10-02 20:06:00
126,2023-10-04 17:49:00
127,2023-10-07 16:47:00
128,2023-10-10 23:20:00
129,2023-10-11 19:28:00
130,2023-10-13 19:28:00
131,2023-10-18 18:21:00
132,2023-10-20 20:54:00
133,2023-10-24 22:05:00
134,2023-10-29 20:16:00
135,2023-11-01 23:07:00
136,2023-11-03 23:25:00
137,2023-11-08 19:23:00
138,2023-11-11 21:03:00
139,2023-11-13 23:12:00
140,2023-11-15 20:05:00
141,2023-11-16 21:07:00
142,2023-11-20 22:16:00
143,2023-11-25 16:55:00
144,2023-11-28 21:15:00
145,2023-11-30 19:50:00
146,2023-12-04 22:09:00
147,2023-12-07 22:42:00
148,2023-12-11 23:18:00
149,2023-12-14 21:05:00
150,2023-12-28 17:24:00
151,2023-12-30 19:44:00
152,2024-01-03 19:34:00
153,2024-01-06 20:08:00
154,2024-01-08 21:14:00
155,2024-01-09 19:50:00
156,2024-01-11 16:34:00
157,2024-01-14 15:54:00
158,2024-01-17 22:13:00
159,2024-01-21 21:40:00
160,2024-01-22 23:03:00
161,2024-01-26 21:01:00
162,2024-01-28 16:31:00
163,2024-01-29 21:24:00
164,2024-01-31 15:33:00
165,2024-02-03 17:57:00
166,2024-02-05 21:42:00
167,2024-02-08 20:44:00
168,2024-02-10 17:19:00
169,2024-02-13 20:31:00
170,2024-02-18 14:31:00
171,2024-02-23 15:28:00
172,2024-02-24 19:12:00
173,2024-02-27 16:28:00
174,2024-02-29 23:21:00
175,2024-03-05 21:15:00
176,2024-03-07 21:56:00
177,2024-03-10 13:53:00
178,2024-03-14 23:21:00
179,2024-03-17 16:16:00
180,2024-03-21 17:39:00
181,2024-03-24 14:57:00
182,2024-03-27 21:59:00
183,2024-03-31 12:09:00
184,2024-04-01 20:02:00
185,2024-04-04 14:38:00
186,2024-04-06 23:09:00
187,2024-04-08 16:54:00
188,2024-04-09 16:09:00
189,2024-04-10 20:23:00
190,2024-04-11 15:28:00
191,2024-04-12 20:40:00
192,2024-04-13 15:51:00
193,2024-04-16 22:20:00
194,2024-04-17 15:06:00
195,2024-04-19 14:13:00
196,2024-04-20 13:37:00
197,2024-04-22 21:48:00
198,2024-04-24 15:57:00
199,2024-04-27 14:55:00
200,2024-04-28 19:03:00
201,2024-05-03 19:46:00
202,2024-05-04 12:03:00
203,2024-05-06 21:49:00
204,2024-05-09 19:32:00
205,2024-05-10 16:38:00
206,2024-05-11 13:08:00
207,2024-05-13 21:08:00
208,2024-05-14 14:46:00
209,2024-05-17 20:33:00
210,2024-05-20 16:00:00
211,2024-05-22 18:24:00
212,2024-05-24 14:58:00
213,2024-05-27 16:04:00
214,2024-05-28 13:24:00
215,2024-05-30 21:36:00
216,2024-06-02 22:38:00
217,2024-06-04 22:04:00
218,2024-06-07 19:23:00
219,2024-06-09 19:19:00
220,2024-06-13 11:27:00
221,2024-06-15 16:50:00
222,2024-06-17 19:58:00
223,2024-06-20 21:57:00
224,2024-06-23 12:55:00
225,2024-06-25 16:31:00
226,2024-06-26 20:24:00
227,2024-06-30 15:19:00
228,2024-07-01 16:41:00
229,2024-07-03 14:00:00
230,2024-07-07 18:36:00
231,2024-07-13 19:28:00
232,2024-07-14 19:23:00
233,2024-07-16 14:35:00
234,2024-07-17 20:34:00
235,2024-07-18 21:45:00
236,2024-07-20 17:36:00
237,2024-07-21 12:56:00
238,2024-07-23 20:32:00
239,2024-07-24 20:10:00
240,2024-07-26 17:11:00
241,2024-07-28 18:01:00
242,2024-07-31 20:24:00
243,2024-08-04 10:44:00
244,2024-08-11 13:31:00
245,2024-08-16 19:34:00
246,2024-08-18 21:03:00
247,2024-08-18 23:19:00
248,2024-08-20 15:05:00
249,2024-08-23 13:20:00
250,2024-08-24 18:27:00
251,2024-08-26 21:03:00
252,2024-08-27 17:41:00
253,2024-08-29 17:58:00
254,2024-08-30 17:31:00
255,2024-09-01 19:12:00
256,2024-09-04 14:45:00
257,2024-09-06 19:31:00
258,2024-09-07 20:27:00
259,2024-09-11 20:49:00
260,2024-09-15 13:09:00
261,2024-09-16 21:08:00
262,2024-09-18 19:42:00
263,2024-09-19 20:21:00
264,2024-09-22 16:38:00
265,2024-09-24 14:59:00
266,2024-09-27 13:29:00
267,2024-09-28 17:44:00
268,2024-09-30 14:44:00
269,2024-10-02 14:50:00
270,2024-10-04 17:44:00
271,2024-10-05 17:06:00
272,2024-10-07 20:37:00
273,2024-10-11 20:03:00
274,2024-10-12 14:46:00
275,2024-10-12 18:03:00
276,2024-10-14 21:40:00
277,2024-10-15 16:04:00
278,2024-10-17 18:44:00
279,2024-10-20 16:24:00
280,2024-10-21 22:19:00
281,2024-10-22 20:38:00
282,2024-10-25 23:20:00
283,2024-10-26 11:17:00
284,2024-10-29 19:40:00
285,2024-10-31 18:51:00
286,2024-11-03 13:18:00
287,2024-11-03 15:35:00
288,2024-11-05 18:49:00
289,2024-11-09 18:50:00
290,2024-11-11 18:34:00
291,2024-11-12 19:49:00
292,2024-11-15 17:44:00
293,2024-11-18 18:26:00
294,2024-11-21 16:39:00
295,2024-11-23 17:21:00
296,2024-11-25 21:25:00
297,2024-11-27 22:46:00
298,2024-12-02 21:08:00
299,2024-12-03 21:44:00
300,2024-12-04 21:07:00
301,2024-12-07 16:09:00
302,2024-12-10 19:07:00
303,2024-12-12 16:41:00
304,2024-12-15 22:51:00
305,2024-12-16 20:44:00
306,2024-12-17 21:58:00
307,2024-12-20 13:52:00
308,2024-12-22 17:08:00
309,2024-12-23 22:53:00
310,2024-12-25 14:17:00
311,2024-12-26 19:26:00
312,2024-12-27 11:51:00
313,2024-12-30 17:56:00
314,2025-01-01 22:06:00
315,2025-01-03 22:12:00
316,2025-01-07 14:27:00
317,2025-01-07 21:17:00
318,2025-01-09 10:32:00
319,2025-01-11 11:06:00
320,2025-01-11 23:24:00
321,2025-01-15 14:43:00
322,2025-01-16 18:30:00
323,2025-01-20 21:53:00
324,2025-01-21 20:29:00
325,2025-01-24 14:36:00
326,2025-01-26 21:22:00
327,2025-01-27 22:00:00
328,2025-01-29 21:11:00
329,2025-02-01 23:24:00
330,2025-02-04 15:41:00
331,2025-02-06 14:21:00
332,2025-02-07 18:02:00
333,2025-02-09 18:02:00
334,2025-02-12 22:05:00
335,2025-02-18 20:57:00
336,2025-02-21 15:53:00
337,2025-02-25 15:01:00
338,2025-02-26 16:22:00
339,2025-03-01 15:10:00
340,2025-03-04 22:33:00
341,2025-03-06 16:45:00
342,2025-03-08 21:38:00
343,2025-03-10 22:30:00
344,2025-03-11 11:23:00
345,2025-03-12 20:16:00
346,2025-03-14 16:58:00
347,2025-03-16 18:16:00
348,2025-03-18 15:22:00
349,2025-03-20 13:16:00
350,2025-03-23 17:08:00
351,2025-03-25 19:40:00
352,2025-03-28 13:54:00
353,2025-03-31 12:17:00
354,2025-04-01 16:35:00
355,2025-04-03 15:22:00
356,2025-04-05 20:24:00
357,2025-04-06 16:16:00
358,2025-04-08 14:35:00
359,2025-04-09 21:14:00
360,2025-04-11 14:08:00
361,2025-04-13 19:12:00
362,2025-04-15 20:40:00
363,2025-04-16 17:53:00
364,2025-04-20 12:09:00
365,2025-04-22 18:46:00
366,2025-04-26 15:30:00
367,2025-04-29 15:21:00
368,2025-05-01 18:32:00
369,2025-05-04 17:16:00
370,2025-05-06 19:05:00
371,2025-05-09 14:56:00
372,2025-05-12 22:51:00
373,2025-05-15 15:18:00
374,2025-05-17 16:19:00
375,2025-05-18 19:23:00
376,2025-05-21 21:55:00
377,2025-05-24 15:09:00
378,2025-05-24 22:28:00
379,2025-05-24 13:23:00
380,2025-05-25 22:34:00
381,2025-05-28 19:38:00
382,2025-05-29 17:35:00
383,2025-05-31 16:38:00
384,2025-06-01 21:54:00
385,2025-06-03 23:25:00
386,2025-06-07 15:59:00
387,2025-06-10 17:38:00
388,2025-06-12 20:06:00
389,2025-06-14 15:59:00
390,2025-06-23 12:29:00
391,2025-06-26 15:21:00
392,2025-06-28 14:33:00
393,2025-06-29 19:58:00
